<?xml version="1.0" encoding="UTF-8"?>
<metadata xml:lang="en"><Esri><CreaDate>20210312</CreaDate><CreaTime>13212000</CreaTime><ArcGISFormat>1.0</ArcGISFormat><SyncOnce>TRUE</SyncOnce><DataProperties><lineage><Process ToolSource="c:\program files (x86)\arcgis\desktop10.4\ArcToolbox\Toolboxes\Data Management Tools.tbx\CreateFeatureclass" Date="20210312" Time="131628">CreateFeatureclass D:\GIS\projects\UCSRB_2020\Analysis\shed_analysis uc_ppts_all.shp POINT D:\GIS\projects\UCSRB_2020\Analysis\shed_analysis\UCppts_template.shp DISABLED DISABLED "{B286C06B-0879-11D2-AACA-00C04FA33C20};-450359962737.05 -450359962737.05 10000;#;#;0.001;#;#;IsHighPrecision" # 0 0 0</Process><Process ToolSource="c:\program files (x86)\arcgis\desktop10.4\ArcToolbox\Toolboxes\Data Management Tools.tbx\Append" Date="20210312" Time="131632">Append D:\GIS\projects\UCSRB_2020\Analysis\stream_maps\met_ppts.shp D:\GIS\projects\UCSRB_2020\Analysis\shed_analysis\uc_ppts_all.shp TEST # #</Process><Process ToolSource="c:\program files (x86)\arcgis\desktop10.4\ArcToolbox\Toolboxes\Data Management Tools.tbx\Append" Date="20210312" Time="131636">Append D:\GIS\projects\UCSRB_2020\Analysis\stream_maps\ok_ppts.shp D:\GIS\projects\UCSRB_2020\Analysis\shed_analysis\uc_ppts_all.shp TEST # #</Process><Process ToolSource="c:\program files (x86)\arcgis\desktop10.4\ArcToolbox\Toolboxes\Data Management Tools.tbx\Append" Date="20210312" Time="131639">Append D:\GIS\projects\UCSRB_2020\Analysis\stream_maps\wen_ppts.shp D:\GIS\projects\UCSRB_2020\Analysis\shed_analysis\uc_ppts_all.shp TEST # #</Process><Process ToolSource="c:\program files (x86)\arcgis\desktop10.4\ArcToolbox\Toolboxes\Data Management Tools.tbx\Append" Date="20210312" Time="131640">Append D:\GIS\projects\UCSRB_2020\Analysis\stream_maps\ent_ppts.shp D:\GIS\projects\UCSRB_2020\Analysis\shed_analysis\uc_ppts_all.shp TEST # #</Process></lineage></DataProperties></Esri></metadata>
