<?xml version="1.0" encoding="UTF-8"?>
<metadata xml:lang="en"><Esri><CreaDate>20210312</CreaDate><CreaTime>13224300</CreaTime><ArcGISFormat>1.0</ArcGISFormat><SyncOnce>TRUE</SyncOnce><DataProperties><lineage><Process ToolSource="c:\program files (x86)\arcgis\desktop10.4\ArcToolbox\Toolboxes\Data Management Tools.tbx\CreateFeatureclass" Date="20210312" Time="131628">CreateFeatureclass D:\GIS\projects\UCSRB_2020\Analysis\shed_analysis uc_sheds_all.shp POLYGON D:\GIS\projects\UCSRB_2020\Analysis\shed_analysis\UCshed_template.shp DISABLED DISABLED "{B286C06B-0879-11D2-AACA-00C04FA33C20};-450359962737.05 -450359962737.05 10000;#;#;0.001;#;#;IsHighPrecision" # 0 0 0</Process><Process ToolSource="c:\program files (x86)\arcgis\desktop10.4\ArcToolbox\Toolboxes\Data Management Tools.tbx\Append" Date="20210312" Time="131632">Append D:\GIS\projects\UCSRB_2020\Analysis\shed_analysis\met_sheds_all.shp D:\GIS\projects\UCSRB_2020\Analysis\shed_analysis\uc_sheds_all.shp TEST # #</Process><Process ToolSource="c:\program files (x86)\arcgis\desktop10.4\ArcToolbox\Toolboxes\Data Management Tools.tbx\Append" Date="20210312" Time="131635">Append D:\GIS\projects\UCSRB_2020\Analysis\shed_analysis\ok_sheds_all.shp D:\GIS\projects\UCSRB_2020\Analysis\shed_analysis\uc_sheds_all.shp TEST # #</Process><Process ToolSource="c:\program files (x86)\arcgis\desktop10.4\ArcToolbox\Toolboxes\Data Management Tools.tbx\Append" Date="20210312" Time="131638">Append D:\GIS\projects\UCSRB_2020\Analysis\shed_analysis\wen_sheds_all.shp D:\GIS\projects\UCSRB_2020\Analysis\shed_analysis\uc_sheds_all.shp TEST # #</Process><Process ToolSource="c:\program files (x86)\arcgis\desktop10.4\ArcToolbox\Toolboxes\Data Management Tools.tbx\Append" Date="20210312" Time="131640">Append D:\GIS\projects\UCSRB_2020\Analysis\shed_analysis\ent_sheds_all.shp D:\GIS\projects\UCSRB_2020\Analysis\shed_analysis\uc_sheds_all.shp TEST # #</Process></lineage></DataProperties></Esri></metadata>
