<?xml version="1.0" encoding="UTF-8"?>
<metadata xml:lang="en"><Esri><CreaDate>20210312</CreaDate><CreaTime>13423700</CreaTime><ArcGISFormat>1.0</ArcGISFormat><ArcGISstyle>FGDC CSDGM Metadata</ArcGISstyle><SyncOnce>FALSE</SyncOnce><DataProperties><itemProps><itemName Sync="TRUE">vegunits20180625</itemName><imsContentType Sync="TRUE">002</imsContentType><itemSize Sync="TRUE">89.678</itemSize><itemLocation><linkage Sync="TRUE">file://\\neoterra\GIS\projects\UCSRB_2016\Analysis\Scratch\JET_modeloutputs\FiltersOverlays\FiltersOverlaysUpdate20180618\vegunits20180625.shp</linkage><protocol Sync="TRUE">Local Area Network</protocol></itemLocation><nativeExtBox><westBL Sync="TRUE">636072.789170</westBL><eastBL Sync="TRUE">795185.839342</eastBL><southBL Sync="TRUE">5239831.898523</southBL><northBL Sync="TRUE">5433349.919505</northBL><exTypeCode Sync="TRUE">1</exTypeCode></nativeExtBox></itemProps><coordRef><type Sync="TRUE">Projected</type><geogcsn Sync="TRUE">GCS_North_American_1983</geogcsn><csUnits Sync="TRUE">Linear Unit: Meter (1.000000)</csUnits><projcsn Sync="TRUE">NAD_1983_UTM_Zone_10N</projcsn><peXml Sync="TRUE">&lt;ProjectedCoordinateSystem xsi:type='typens:ProjectedCoordinateSystem' xmlns:xsi='http://www.w3.org/2001/XMLSchema-instance' xmlns:xs='http://www.w3.org/2001/XMLSchema' xmlns:typens='http://www.esri.com/schemas/ArcGIS/10.4'&gt;&lt;WKT&gt;PROJCS[&amp;quot;NAD_1983_UTM_Zone_10N&amp;quot;,GEOGCS[&amp;quot;GCS_North_American_1983&amp;quot;,DATUM[&amp;quot;D_North_American_1983&amp;quot;,SPHEROID[&amp;quot;GRS_1980&amp;quot;,6378137.0,298.257222101]],PRIMEM[&amp;quot;Greenwich&amp;quot;,0.0],UNIT[&amp;quot;Degree&amp;quot;,0.0174532925199433]],PROJECTION[&amp;quot;Transverse_Mercator&amp;quot;],PARAMETER[&amp;quot;False_Easting&amp;quot;,500000.0],PARAMETER[&amp;quot;False_Northing&amp;quot;,0.0],PARAMETER[&amp;quot;Central_Meridian&amp;quot;,-123.0],PARAMETER[&amp;quot;Scale_Factor&amp;quot;,0.9996],PARAMETER[&amp;quot;Latitude_Of_Origin&amp;quot;,0.0],UNIT[&amp;quot;Meter&amp;quot;,1.0],AUTHORITY[&amp;quot;EPSG&amp;quot;,26910]]&lt;/WKT&gt;&lt;XOrigin&gt;-5120900&lt;/XOrigin&gt;&lt;YOrigin&gt;-9998100&lt;/YOrigin&gt;&lt;XYScale&gt;450445547.3910538&lt;/XYScale&gt;&lt;ZOrigin&gt;-100000&lt;/ZOrigin&gt;&lt;ZScale&gt;10000&lt;/ZScale&gt;&lt;MOrigin&gt;-100000&lt;/MOrigin&gt;&lt;MScale&gt;10000&lt;/MScale&gt;&lt;XYTolerance&gt;0.001&lt;/XYTolerance&gt;&lt;ZTolerance&gt;0.001&lt;/ZTolerance&gt;&lt;MTolerance&gt;0.001&lt;/MTolerance&gt;&lt;HighPrecision&gt;true&lt;/HighPrecision&gt;&lt;WKID&gt;26910&lt;/WKID&gt;&lt;LatestWKID&gt;26910&lt;/LatestWKID&gt;&lt;/ProjectedCoordinateSystem&gt;</peXml></coordRef><lineage><Process Name="Identity" ToolSource="c:\program files (x86)\arcgis\desktop10.4\ArcToolbox\Toolboxes\Analysis Tools.tbx\Identity" Date="20171010" Time="133033">Identity lf_fc_20170508 G:\projects\UCSRB_2016\data\Processed\hydro\UpperColumbiaHUC8_prj.shp G:\projects\UCSRB_2016\Analysis\Scratch\JET_modeloutputs\FiltersOverlays\lf_fc_ID1.shp ALL # NO_RELATIONSHIPS</Process><Process Name="Delete Field" ToolSource="c:\program files (x86)\arcgis\desktop10.4\ArcToolbox\Toolboxes\Data Management Tools.tbx\DeleteField" Date="20171010" Time="145241">DeleteField G:\projects\UCSRB_2016\Analysis\Scratch\JET_modeloutputs\FiltersOverlays\lf_fc_ID1.shp FID_UpperC;REGION;SUBREGION;BASIN;SUBBASIN;ACRES_1;SQ_MILES;HU_8_STATE;FIPS_C;SHAPE_Leng;SHAPE_Area</Process><Process Name="Identity (2)" ToolSource="c:\program files (x86)\arcgis\desktop10.4\ArcToolbox\Toolboxes\Analysis Tools.tbx\Identity" Date="20171010" Time="150746">Identity G:\projects\UCSRB_2016\Analysis\Scratch\JET_modeloutputs\FiltersOverlays\lf_fc_ID1.shp G:\projects\UCSRB_2016\data\Processed\hydro\UpperColumbiaHUC10_prj.shp G:\projects\UCSRB_2016\Analysis\Scratch\JET_modeloutputs\FiltersOverlays\lf_fc_ID2.shp ALL # NO_RELATIONSHIPS</Process><Process Name="Delete Field (2)" ToolSource="c:\program files (x86)\arcgis\desktop10.4\ArcToolbox\Toolboxes\Data Management Tools.tbx\DeleteField" Date="20171010" Time="150849">DeleteField G:\projects\UCSRB_2016\Analysis\Scratch\JET_modeloutputs\FiltersOverlays\lf_fc_ID2.shp FID_UpperC;Gaz_ID;Area_Acres;Area_SqKm;States;LoadDate;HU_10_Name;HU_10_Type;HU_10_Mod;Shape_STAr;Shape_STLe;Shape_Leng;Shape_Area</Process><Process Name="Identity (3)" ToolSource="c:\program files (x86)\arcgis\desktop10.4\ArcToolbox\Toolboxes\Analysis Tools.tbx\Identity" Date="20171010" Time="151111">Identity G:\projects\UCSRB_2016\Analysis\Scratch\JET_modeloutputs\FiltersOverlays\lf_fc_ID2.shp G:\projects\UCSRB_2016\data\Processed\hydro\UpperColumbiaHUC12_prj.shp G:\projects\UCSRB_2016\Analysis\Scratch\JET_modeloutputs\FiltersOverlays\lf_fc_ID3.shp ALL # NO_RELATIONSHIPS</Process><Process Name="Delete Field (3)" ToolSource="c:\program files (x86)\arcgis\desktop10.4\ArcToolbox\Toolboxes\Data Management Tools.tbx\DeleteField" Date="20171010" Time="151353">DeleteField G:\projects\UCSRB_2016\Analysis\Scratch\JET_modeloutputs\FiltersOverlays\lf_fc_ID3.shp FID_lf_fc_;FID_lf_fc1;FID_lf_f_1;FID_UpperC;HUC_89;HUC_10_11;ACRES_1;NCONTRB_A;HU_10_GNIS;HU_12_GNIS;HU_10_DS;HU_10_NAME;HU_10_MOD;HU_10_TYPE;HU_12_DS;HU_12_NAME;HU_12_MOD;HU_12_TYPE;META_ID;STATES;SHAPE_Leng;SHAPE_Area</Process><Process Name="Identity (4)" ToolSource="c:\program files (x86)\arcgis\desktop10.4\ArcToolbox\Toolboxes\Analysis Tools.tbx\Identity" Date="20171010" Time="153501">Identity G:\projects\UCSRB_2016\Analysis\Scratch\JET_modeloutputs\FiltersOverlays\lf_fc_ID3.shp G:\projects\UCSRB_2016\Analysis\Scratch\JET_modeloutputs\FiltersOverlays\PAD_AOI_OwnerTypeName.shp G:\projects\UCSRB_2016\Analysis\Scratch\JET_modeloutputs\FiltersOverlays\lf_fc_ID4.shp ALL # NO_RELATIONSHIPS</Process><Process Name="Delete Field (4)" ToolSource="c:\program files (x86)\arcgis\desktop10.4\ArcToolbox\Toolboxes\Data Management Tools.tbx\DeleteField" Date="20171010" Time="153545">DeleteField G:\projects\UCSRB_2016\Analysis\Scratch\JET_modeloutputs\FiltersOverlays\lf_fc_ID4.shp FID_PAD_AO;own_type;own_name</Process><Process Name="Delete Field (4)" ToolSource="c:\program files (x86)\arcgis\desktop10.4\ArcToolbox\Toolboxes\Data Management Tools.tbx\DeleteField" Date="20171010" Time="155056">DeleteField G:\projects\UCSRB_2016\Analysis\Scratch\JET_modeloutputs\FiltersOverlays\lf_fc_ID4.shp FID_lf_fc_;FID_PAD_AO;own_type;own_name</Process><Process Name="Add Field" ToolSource="c:\program files (x86)\arcgis\desktop10.4\ArcToolbox\Toolboxes\Data Management Tools.tbx\AddField" Date="20171010" Time="155103">AddField G:\projects\UCSRB_2016\Analysis\Scratch\JET_modeloutputs\FiltersOverlays\lf_fc_ID4.shp EtID LONG # # # # NULLABLE NON_REQUIRED #</Process><Process Name="Calculate Field" ToolSource="c:\program files (x86)\arcgis\desktop10.4\ArcToolbox\Toolboxes\Data Management Tools.tbx\CalculateField" Date="20171010" Time="155156">CalculateField G:\projects\UCSRB_2016\Analysis\Scratch\JET_modeloutputs\FiltersOverlays\lf_fc_ID4.shp EtID autoIncrement() PYTHON "rec=0 \ndef autoIncrement(): \n global rec \n pStart = 1  \n pInterval = 1 \n if (rec == 0):  \n  rec = pStart  \n else:  \n  rec += pInterval  \n return rec"</Process><Process Name="Add Field (4)" ToolSource="c:\program files (x86)\arcgis\desktop10.4\ArcToolbox\Toolboxes\Data Management Tools.tbx\AddField" Date="20171010" Time="155952">AddField G:\projects\UCSRB_2016\Analysis\Scratch\JET_modeloutputs\FiltersOverlays\lf_fc_ID4.shp EtAcres DOUBLE # # # # NULLABLE NON_REQUIRED #</Process><Process Name="Calculate Field (4)" ToolSource="c:\program files (x86)\arcgis\desktop10.4\ArcToolbox\Toolboxes\Data Management Tools.tbx\CalculateField" Date="20171010" Time="160416">CalculateField G:\projects\UCSRB_2016\Analysis\Scratch\JET_modeloutputs\FiltersOverlays\lf_fc_ID4.shp EtAcres !shape.area@acres! PYTHON #</Process><Process Name="Add Field (5)" ToolSource="c:\program files (x86)\arcgis\desktop10.4\ArcToolbox\Toolboxes\Data Management Tools.tbx\AddField" Date="20171010" Time="162059">AddField G:\projects\UCSRB_2016\Analysis\Scratch\JET_modeloutputs\FiltersOverlays\lf_fc_ID4.shp LSRpct DOUBLE # # # # NULLABLE NON_REQUIRED #</Process><Process Name="Join Field" ToolSource="c:\program files (x86)\arcgis\desktop10.4\ArcToolbox\Toolboxes\Data Management Tools.tbx\JoinField" Date="20171010" Time="190603">JoinField G:\projects\UCSRB_2016\Analysis\Scratch\JET_modeloutputs\FiltersOverlays\lf_fc_ID4.shp EtID G:\projects\UCSRB_2016\Analysis\Scratch\JET_modeloutputs\FiltersOverlays\lf_fc_ID4_insx_LSR.dbf EtID PERCENTAGE</Process><Process Name="Calculate Field (5)" ToolSource="c:\program files (x86)\arcgis\desktop10.4\ArcToolbox\Toolboxes\Data Management Tools.tbx\CalculateField" Date="20171010" Time="190642">CalculateField G:\projects\UCSRB_2016\Analysis\Scratch\JET_modeloutputs\FiltersOverlays\lf_fc_ID4.shp LSRpct [PERCENTAGE] VB #</Process><Process Name="Delete Field (5)" ToolSource="c:\program files (x86)\arcgis\desktop10.4\ArcToolbox\Toolboxes\Data Management Tools.tbx\DeleteField" Date="20171010" Time="190649">DeleteField G:\projects\UCSRB_2016\Analysis\Scratch\JET_modeloutputs\FiltersOverlays\lf_fc_ID4.shp PERCENTAGE</Process><Process Name="Add Field (7)" ToolSource="c:\program files (x86)\arcgis\desktop10.4\ArcToolbox\Toolboxes\Data Management Tools.tbx\AddField" Date="20171011" Time="105611">AddField G:\projects\UCSRB_2016\Analysis\Scratch\JET_modeloutputs\FiltersOverlays\lf_fc_ID4.shp CritHabLn SHORT # # # # NULLABLE NON_REQUIRED #</Process><Process Name="Calculate Field (7)" ToolSource="c:\program files (x86)\arcgis\desktop10.4\ArcToolbox\Toolboxes\Data Management Tools.tbx\CalculateField" Date="20171011" Time="135238">CalculateField lf_fc_ID4_Layer CritHabLn 1 VB #</Process><Process Name="Add Field (8)" ToolSource="c:\program files (x86)\arcgis\desktop10.4\ArcToolbox\Toolboxes\Data Management Tools.tbx\AddField" Date="20171011" Time="140416">AddField lf_fc_ID4_Layer CritHabPly DOUBLE # # # # NULLABLE NON_REQUIRED #</Process><Process Name="Join Field (2)" ToolSource="c:\program files (x86)\arcgis\desktop10.4\ArcToolbox\Toolboxes\Data Management Tools.tbx\JoinField" Date="20171011" Time="160952">JoinField lf_fc_ID4_Layer EtID G:\projects\UCSRB_2016\Analysis\Scratch\JET_modeloutputs\FiltersOverlays\lf_fc_ID4_insx_CHp.dbf EtID PERCENTAGE</Process><Process Name="Calculate Field (9)" ToolSource="c:\program files (x86)\arcgis\desktop10.4\ArcToolbox\Toolboxes\Data Management Tools.tbx\CalculateField" Date="20171011" Time="161037">CalculateField lf_fc_ID4_Layer CritHabPly [PERCENTAGE] VB #</Process><Process Name="Delete Field (6)" ToolSource="c:\program files (x86)\arcgis\desktop10.4\ArcToolbox\Toolboxes\Data Management Tools.tbx\DeleteField" Date="20171011" Time="161044">DeleteField lf_fc_ID4_Layer PERCENTAGE</Process><Process Name="Add Field (9)" ToolSource="c:\program files (x86)\arcgis\desktop10.4\ArcToolbox\Toolboxes\Data Management Tools.tbx\AddField" Date="20171011" Time="162218">AddField lf_fc_ID4_Layer IRApct DOUBLE # # # # NULLABLE NON_REQUIRED #</Process><Process Name="Join Field (3)" ToolSource="c:\program files (x86)\arcgis\desktop10.4\ArcToolbox\Toolboxes\Data Management Tools.tbx\JoinField" Date="20171011" Time="183217">JoinField lf_fc_ID4_Layer EtID G:\projects\UCSRB_2016\Analysis\Scratch\JET_modeloutputs\FiltersOverlays\lf_fc_ID4_insx_IRA.dbf EtID PERCENTAGE</Process><Process Name="Calculate Field (8)" ToolSource="c:\program files (x86)\arcgis\desktop10.4\ArcToolbox\Toolboxes\Data Management Tools.tbx\CalculateField" Date="20171011" Time="183300">CalculateField lf_fc_ID4_Layer IRApct [PERCENTAGE] VB #</Process><Process Name="Delete Field (7)" ToolSource="c:\program files (x86)\arcgis\desktop10.4\ArcToolbox\Toolboxes\Data Management Tools.tbx\DeleteField" Date="20171011" Time="183307">DeleteField lf_fc_ID4_Layer PERCENTAGE</Process><Process Name="Add Field (10)" ToolSource="c:\program files (x86)\arcgis\desktop10.4\ArcToolbox\Toolboxes\Data Management Tools.tbx\AddField" Date="20171012" Time="115831">AddField lf_fc_ID4_Layer NWIwetpct DOUBLE # # # # NULLABLE NON_REQUIRED #</Process><Process Name="Add Field (11)" ToolSource="c:\program files (x86)\arcgis\desktop10.4\ArcToolbox\Toolboxes\Data Management Tools.tbx\AddField" Date="20171012" Time="115840">AddField lf_fc_ID4_Layer NWIrippct DOUBLE # # # # NULLABLE NON_REQUIRED #</Process><Process Name="Join Field (4)" ToolSource="c:\program files (x86)\arcgis\desktop10.4\ArcToolbox\Toolboxes\Data Management Tools.tbx\JoinField" Date="20171012" Time="135156">JoinField lf_fc_ID4_Layer EtID G:\projects\UCSRB_2016\Analysis\Scratch\JET_modeloutputs\FiltersOverlays\lf_fc_ID4_insx_NWI_wetlands.dbf EtID PERCENTAGE</Process><Process Name="Calculate Field (10)" ToolSource="c:\program files (x86)\arcgis\desktop10.4\ArcToolbox\Toolboxes\Data Management Tools.tbx\CalculateField" Date="20171012" Time="135239">CalculateField lf_fc_ID4_Layer NWIwetpct [PERCENTAGE] VB #</Process><Process Name="Delete Field (8)" ToolSource="c:\program files (x86)\arcgis\desktop10.4\ArcToolbox\Toolboxes\Data Management Tools.tbx\DeleteField" Date="20171012" Time="135247">DeleteField lf_fc_ID4_Layer PERCENTAGE</Process><Process Name="Join Field (5)" ToolSource="c:\program files (x86)\arcgis\desktop10.4\ArcToolbox\Toolboxes\Data Management Tools.tbx\JoinField" Date="20171012" Time="154454">JoinField lf_fc_ID4_Layer EtID G:\projects\UCSRB_2016\Analysis\Scratch\JET_modeloutputs\FiltersOverlays\lf_fc_ID4_insx_NWI_riparian.dbf EtID PERCENTAGE</Process><Process Name="Calculate Field (11)" ToolSource="c:\program files (x86)\arcgis\desktop10.4\ArcToolbox\Toolboxes\Data Management Tools.tbx\CalculateField" Date="20171012" Time="154538">CalculateField lf_fc_ID4_Layer NWIrippct [PERCENTAGE] VB #</Process><Process Name="Delete Field (9)" ToolSource="c:\program files (x86)\arcgis\desktop10.4\ArcToolbox\Toolboxes\Data Management Tools.tbx\DeleteField" Date="20171012" Time="154545">DeleteField lf_fc_ID4_Layer PERCENTAGE</Process><Process Name="Join Field (4)" ToolSource="c:\program files (x86)\arcgis\desktop10.4\ArcToolbox\Toolboxes\Data Management Tools.tbx\JoinField" Date="20171016" Time="143849">JoinField lf_fc_ID4_Layer EtID G:\projects\UCSRB_2016\Analysis\Scratch\JET_modeloutputs\FiltersOverlays\lf_fc_ID4_insx_NWI_wetlands.dbf EtID PERCENTAGE</Process><Process Name="Calculate Field (10)" ToolSource="c:\program files (x86)\arcgis\desktop10.4\ArcToolbox\Toolboxes\Data Management Tools.tbx\CalculateField" Date="20171016" Time="143932">CalculateField lf_fc_ID4_Layer NWIwetpct [PERCENTAGE] VB #</Process><Process Name="Delete Field (8)" ToolSource="c:\program files (x86)\arcgis\desktop10.4\ArcToolbox\Toolboxes\Data Management Tools.tbx\DeleteField" Date="20171016" Time="143942">DeleteField lf_fc_ID4_Layer PERCENTAGE</Process><Process Name="Join Field (5)" ToolSource="c:\program files (x86)\arcgis\desktop10.4\ArcToolbox\Toolboxes\Data Management Tools.tbx\JoinField" Date="20171016" Time="160551">JoinField lf_fc_ID4_Layer EtID G:\projects\UCSRB_2016\Analysis\Scratch\JET_modeloutputs\FiltersOverlays\lf_fc_ID4_insx_NWI_riparian.dbf EtID PERCENTAGE</Process><Process Name="Calculate Field (11)" ToolSource="c:\program files (x86)\arcgis\desktop10.4\ArcToolbox\Toolboxes\Data Management Tools.tbx\CalculateField" Date="20171016" Time="160634">CalculateField lf_fc_ID4_Layer NWIrippct [PERCENTAGE] VB #</Process><Process Name="Delete Field (9)" ToolSource="c:\program files (x86)\arcgis\desktop10.4\ArcToolbox\Toolboxes\Data Management Tools.tbx\DeleteField" Date="20171016" Time="160641">DeleteField lf_fc_ID4_Layer PERCENTAGE</Process><Process Name="Add Field (12)" ToolSource="c:\program files (x86)\arcgis\desktop10.4\ArcToolbox\Toolboxes\Data Management Tools.tbx\AddField" Date="20171018" Time="104329">AddField lf_fc_ID4_Layer SlopeMean DOUBLE # # # # NULLABLE NON_REQUIRED #</Process><Process Name="Join Field (6)" ToolSource="c:\program files (x86)\arcgis\desktop10.4\ArcToolbox\Toolboxes\Data Management Tools.tbx\JoinField" Date="20171018" Time="104343">JoinField lf_fc_ID4_Layer FID G:\projects\UCSRB_2016\Analysis\Scratch\JET_modeloutputs\FiltersOverlays\meanslope FID MEAN</Process><Process Name="Calculate Field (12)" ToolSource="c:\program files (x86)\arcgis\desktop10.4\ArcToolbox\Toolboxes\Data Management Tools.tbx\CalculateField" Date="20171018" Time="104344">CalculateField lf_fc_ID4_Layer SlopeMean [MEAN] VB #</Process><Process Name="Delete Field (10)" ToolSource="c:\program files (x86)\arcgis\desktop10.4\ArcToolbox\Toolboxes\Data Management Tools.tbx\DeleteField" Date="20171018" Time="104355">DeleteField lf_fc_ID4_Layer MEAN</Process><Process Name="Join Field (6)" ToolSource="c:\program files (x86)\arcgis\desktop10.4\ArcToolbox\Toolboxes\Data Management Tools.tbx\JoinField" Date="20171018" Time="134852">JoinField lf_fc_ID4_Layer FID G:\projects\UCSRB_2016\Analysis\Scratch\JET_modeloutputs\FiltersOverlays\meanslope FID MEAN</Process><Process Name="Calculate Field (12)" ToolSource="c:\program files (x86)\arcgis\desktop10.4\ArcToolbox\Toolboxes\Data Management Tools.tbx\CalculateField" Date="20171018" Time="134941">CalculateField lf_fc_ID4_Layer SlopeMean [MEAN] VB #</Process><Process Name="Delete Field (10)" ToolSource="c:\program files (x86)\arcgis\desktop10.4\ArcToolbox\Toolboxes\Data Management Tools.tbx\DeleteField" Date="20171018" Time="134950">DeleteField lf_fc_ID4_Layer MEAN</Process><Process Name="Add Field (13)" ToolSource="c:\program files (x86)\arcgis\desktop10.4\ArcToolbox\Toolboxes\Data Management Tools.tbx\AddField" Date="20171018" Time="161527">AddField lf_fc_ID4_Layer RdDstEucMn DOUBLE # # # # NULLABLE NON_REQUIRED #</Process><Process Name="Join Field (7)" ToolSource="c:\program files (x86)\arcgis\desktop10.4\ArcToolbox\Toolboxes\Data Management Tools.tbx\JoinField" Date="20171018" Time="190406">JoinField lf_fc_ID4_Layer FID G:\projects\UCSRB_2016\Analysis\Scratch\JET_modeloutputs\FiltersOverlays\RdsEucDistMean FID Mean</Process><Process Name="Calculate Field (13)" ToolSource="c:\program files (x86)\arcgis\desktop10.4\ArcToolbox\Toolboxes\Data Management Tools.tbx\CalculateField" Date="20171018" Time="190456">CalculateField lf_fc_ID4_Layer RdDstEucMn [MEAN] VB #</Process><Process Name="Delete Field (11)" ToolSource="c:\program files (x86)\arcgis\desktop10.4\ArcToolbox\Toolboxes\Data Management Tools.tbx\DeleteField" Date="20171018" Time="190504">DeleteField lf_fc_ID4_Layer MEAN</Process><Process Name="Clip" ToolSource="c:\program files (x86)\arcgis\desktop10.4\ArcToolbox\Toolboxes\Analysis Tools.tbx\Clip" Date="20180619" Time="154410">Clip lf_fc_ID4 \\Neoterra\gis\projects\UCSRB_2016\data\Processed\hydro\wester_col_huc6_prj2.shp \\Neoterra\gis\projects\UCSRB_2016\Analysis\Scratch\JET_modeloutputs\FiltersOverlays\FiltersOverlaysUpdate20180618\lf_fc_ID4_WCol.shp #</Process><Process Name="Identity (5)" ToolSource="c:\program files (x86)\arcgis\desktop10.4\ArcToolbox\Toolboxes\Analysis Tools.tbx\Identity" Date="20180619" Time="162918">Identity \\Neoterra\gis\projects\UCSRB_2016\Analysis\Scratch\JET_modeloutputs\FiltersOverlays\FiltersOverlaysUpdate20180618\lf_fc_ID4_WCol.shp \\Neoterra\gis\projects\UCSRB_2016\data\Processed\ForFilteringComponent\LandMgmtPlan_OKAWEN_WCol.shp G:\projects\UCSRB_2016\Analysis\Scratch\JET_modeloutputs\FiltersOverlays\lf_fc_ID5.shp ALL # NO_RELATIONSHIPS</Process><Process Name="Delete Field (13)" ToolSource="c:\program files (x86)\arcgis\desktop10.4\ArcToolbox\Toolboxes\Data Management Tools.tbx\DeleteField" Date="20180619" Time="163138">DeleteField G:\projects\UCSRB_2016\Analysis\Scratch\JET_modeloutputs\FiltersOverlays\lf_fc_ID5.shp FID_LandMg;R6_FID;LandUseAll;LUA_Descri;REV_DATE;DATA_SOURC;ACCURACY;CN;FP_Density;Acres_1;Shape_Leng;Shape_Area</Process><Process Name="Identity (7)" ToolSource="c:\program files (x86)\arcgis\desktop10.4\ArcToolbox\Toolboxes\Analysis Tools.tbx\Identity" Date="20180619" Time="163348">Identity G:\projects\UCSRB_2016\Analysis\Scratch\JET_modeloutputs\FiltersOverlays\lf_fc_ID5.shp \\Neoterra\gis\projects\UCSRB_2016\Analysis\Scratch\JET_modeloutputs\FiltersOverlays\FiltersOverlaysUpdate20180618\sheds_all_no611_Prj.shp \\Neoterra\gis\projects\UCSRB_2016\Analysis\Scratch\JET_modeloutputs\FiltersOverlays\FiltersOverlaysUpdate20180618\lf_fc_ID6_wcol.shp ALL # NO_RELATIONSHIPS</Process><Process Name="Delete Field (12)" ToolSource="c:\program files (x86)\arcgis\desktop10.4\ArcToolbox\Toolboxes\Data Management Tools.tbx\DeleteField" Date="20180619" Time="164122">DeleteField \\Neoterra\gis\projects\UCSRB_2016\Analysis\Scratch\JET_modeloutputs\FiltersOverlays\FiltersOverlaysUpdate20180618\lf_fc_ID6_wcol.shp FID_lf_fc_;FID_lf_fc1;acres;EtID;EtAcres;LSRpct;CritHabLn;CritHabPly;IRApct;NWIwetpct;NWIrippct;SlopeMean;RdDstEucMn;FID_sheds_;acres_1</Process><Process Name="Dissolve (5)" ToolSource="c:\program files (x86)\arcgis\desktop10.4\ArcToolbox\Toolboxes\Data Management Tools.tbx\Dissolve" Date="20180620" Time="095345">Dissolve \\Neoterra\gis\projects\UCSRB_2016\Analysis\Scratch\JET_modeloutputs\FiltersOverlays\FiltersOverlaysUpdate20180618\lf_fc_ID6_wcol.shp \\Neoterra\gis\projects\UCSRB_2016\Analysis\Scratch\JET_modeloutputs\FiltersOverlays\FiltersOverlaysUpdate20180618\lf_fc_ID6_WCol_nomultipart_20180618.shp ID;GRIDCODE;HUC_2;HUC_4;HUC_6;HUC_8;HUC_10;HUC_12;PubPriv;PubPrivOwn;MgmtAlloca;MgmtDescri;ET_UID;ppt_ID # SINGLE_PART DISSOLVE_LINES</Process><Process Name="Add Field (15)" ToolSource="c:\program files (x86)\arcgis\desktop10.4\ArcToolbox\Toolboxes\Data Management Tools.tbx\AddField" Date="20180620" Time="095400">AddField \\Neoterra\gis\projects\UCSRB_2016\Analysis\Scratch\JET_modeloutputs\FiltersOverlays\FiltersOverlaysUpdate20180618\lf_fc_ID6_WCol_nomultipart_20180618.shp EtID LONG # # # # NULLABLE NON_REQUIRED #</Process><Process Name="Calculate Field (14)" ToolSource="c:\program files (x86)\arcgis\desktop10.4\ArcToolbox\Toolboxes\Data Management Tools.tbx\CalculateField" Date="20180620" Time="095447">CalculateField \\Neoterra\gis\projects\UCSRB_2016\Analysis\Scratch\JET_modeloutputs\FiltersOverlays\FiltersOverlaysUpdate20180618\lf_fc_ID6_WCol_nomultipart_20180618.shp EtID autoIncrement() PYTHON "rec=0 \ndef autoIncrement(): \n global rec \n pStart = 1  \n pInterval = 1 \n if (rec == 0):  \n  rec = pStart  \n else:  \n  rec += pInterval  \n return rec"</Process><Process Name="Add Field (16)" ToolSource="c:\program files (x86)\arcgis\desktop10.4\ArcToolbox\Toolboxes\Data Management Tools.tbx\AddField" Date="20180620" Time="095456">AddField \\Neoterra\gis\projects\UCSRB_2016\Analysis\Scratch\JET_modeloutputs\FiltersOverlays\FiltersOverlaysUpdate20180618\lf_fc_ID6_WCol_nomultipart_20180618.shp EtAcres DOUBLE # # # # NULLABLE NON_REQUIRED #</Process><Process Name="Calculate Field (15)" ToolSource="c:\program files (x86)\arcgis\desktop10.4\ArcToolbox\Toolboxes\Data Management Tools.tbx\CalculateField" Date="20180620" Time="095840">CalculateField \\Neoterra\gis\projects\UCSRB_2016\Analysis\Scratch\JET_modeloutputs\FiltersOverlays\FiltersOverlaysUpdate20180618\lf_fc_ID6_WCol_nomultipart_20180618.shp EtAcres !shape.area@acres! PYTHON #</Process><Process Name="Eliminate (5)" ToolSource="c:\program files (x86)\arcgis\desktop10.4\ArcToolbox\Toolboxes\Data Management Tools.tbx\Eliminate" Date="20180620" Time="100203">Eliminate lf_fc_ID6_WCol_nomultipart_2 \\Neoterra\gis\projects\UCSRB_2016\Analysis\Scratch\JET_modeloutputs\FiltersOverlays\FiltersOverlaysUpdate20180618\lf_fc_ID6_WCol_nomultipart_eliminate20180618.shp AREA # #</Process><Process Name="Calculate Field (22)" ToolSource="c:\program files (x86)\arcgis\desktop10.4\ArcToolbox\Toolboxes\Data Management Tools.tbx\CalculateField" Date="20180620" Time="112127">CalculateField \\Neoterra\gis\projects\UCSRB_2016\Analysis\Scratch\JET_modeloutputs\FiltersOverlays\FiltersOverlaysUpdate20180618\lf_fc_ID6_WCol_nomultipart_eliminate20180618.shp EtAcres !shape.area@acres! PYTHON #</Process><Process Name="Calculate Field (22)" ToolSource="c:\program files (x86)\arcgis\desktop10.4\ArcToolbox\Toolboxes\Data Management Tools.tbx\CalculateField" Date="20180620" Time="113746">CalculateField \\Neoterra\gis\projects\UCSRB_2016\Analysis\Scratch\JET_modeloutputs\FiltersOverlays\FiltersOverlaysUpdate20180618\lf_fc_ID6_WCol_nomultipart_eliminate20180618.shp EtAcres !shape.area@acres! PYTHON #</Process><Process Name="Eliminate (6)" ToolSource="c:\program files (x86)\arcgis\desktop10.4\ArcToolbox\Toolboxes\Data Management Tools.tbx\Eliminate" Date="20180620" Time="113956">Eliminate lf_fc_ID6_WCol_nomultipart_e \\Neoterra\gis\projects\UCSRB_2016\Analysis\Scratch\JET_modeloutputs\FiltersOverlays\FiltersOverlaysUpdate20180618\lf_fc_ID6_WCol_nomultipart_eliminate2_20180618.shp LENGTH # #</Process><Process Name="Calculate Field (23)" ToolSource="c:\program files (x86)\arcgis\desktop10.4\ArcToolbox\Toolboxes\Data Management Tools.tbx\CalculateField" Date="20180620" Time="114246">CalculateField \\Neoterra\gis\projects\UCSRB_2016\Analysis\Scratch\JET_modeloutputs\FiltersOverlays\FiltersOverlaysUpdate20180618\lf_fc_ID6_WCol_nomultipart_eliminate2_20180618.shp EtAcres !shape.area@acres! PYTHON #</Process><Process Name="Calculate Field (24)" ToolSource="c:\program files (x86)\arcgis\desktop10.4\ArcToolbox\Toolboxes\Data Management Tools.tbx\CalculateField" Date="20180620" Time="114255">CalculateField \\Neoterra\gis\projects\UCSRB_2016\Analysis\Scratch\JET_modeloutputs\FiltersOverlays\FiltersOverlaysUpdate20180618\lf_fc_ID6_WCol_nomultipart_eliminate2_20180618.shp EtID autoIncrement() PYTHON "rec=0 \ndef autoIncrement(): \n global rec \n pStart = 1  \n pInterval = 1 \n if (rec == 0):  \n  rec = pStart  \n else:  \n  rec += pInterval  \n return rec"</Process><Process Name="Add Field (17)" ToolSource="c:\program files (x86)\arcgis\desktop10.4\ArcToolbox\Toolboxes\Data Management Tools.tbx\AddField" Date="20180620" Time="163139">AddField \\Neoterra\gis\projects\UCSRB_2016\Analysis\Scratch\JET_modeloutputs\FiltersOverlays\FiltersOverlaysUpdate20180618\lf_fc_ID6_WCol_nomultipart_eliminate2_20180618.shp GRID_ID STRING # # 12 # NULLABLE NON_REQUIRED #</Process><Process Name="Update (3)" ToolSource="c:\program files (x86)\arcgis\desktop10.4\ArcToolbox\Toolboxes\Analysis Tools.tbx\Update" Date="20180620" Time="163404">Update \\Neoterra\gis\projects\UCSRB_2016\Analysis\Scratch\JET_modeloutputs\FiltersOverlays\FiltersOverlaysUpdate20180618\lf_fc_ID6_WCol_nomultipart_eliminate2_20180618.shp \\Neoterra\gis\projects\UCSRB_2016\Analysis\Scratch\JET_modeloutputs\FiltersOverlays\FiltersOverlaysUpdate20180618\lf_fc_ID6_WCol_nomultipart_eliminate2_100acreshex_elim2_20180618.shp \\Neoterra\gis\projects\UCSRB_2016\Analysis\Scratch\JET_modeloutputs\FiltersOverlays\FiltersOverlaysUpdate20180618\lf_fc_ID6_20180618_cleanhexed.shp BORDERS #</Process><Process Name="Dissolve (6)" ToolSource="c:\program files (x86)\arcgis\desktop10.4\ArcToolbox\Toolboxes\Data Management Tools.tbx\Dissolve" Date="20180620" Time="164555">Dissolve \\Neoterra\gis\projects\UCSRB_2016\Analysis\Scratch\JET_modeloutputs\FiltersOverlays\FiltersOverlaysUpdate20180618\lf_fc_ID6_20180618_cleanhexed.shp \\Neoterra\gis\projects\UCSRB_2016\Analysis\Scratch\JET_modeloutputs\FiltersOverlays\FiltersOverlaysUpdate20180618\lf_fc_ID6_20180618_cleanhexed_nomultipart.shp ID;GRIDCODE;HUC_2;HUC_4;HUC_6;HUC_8;HUC_10;HUC_12;PubPriv;PubPrivOwn;MgmtAlloca;MgmtDescri;ET_UID;ppt_ID;GRID_ID # SINGLE_PART DISSOLVE_LINES</Process><Process Name="Add Field (18)" ToolSource="c:\program files (x86)\arcgis\desktop10.4\ArcToolbox\Toolboxes\Data Management Tools.tbx\AddField" Date="20180620" Time="164853">AddField \\Neoterra\gis\projects\UCSRB_2016\Analysis\Scratch\JET_modeloutputs\FiltersOverlays\FiltersOverlaysUpdate20180618\lf_fc_ID6_20180618_cleanhexed_nomultipart.shp EtAcres DOUBLE # # # # NULLABLE NON_REQUIRED #</Process><Process Name="Calculate Field (25)" ToolSource="c:\program files (x86)\arcgis\desktop10.4\ArcToolbox\Toolboxes\Data Management Tools.tbx\CalculateField" Date="20180620" Time="165207">CalculateField \\Neoterra\gis\projects\UCSRB_2016\Analysis\Scratch\JET_modeloutputs\FiltersOverlays\FiltersOverlaysUpdate20180618\lf_fc_ID6_20180618_cleanhexed_nomultipart.shp EtAcres !shape.area@acres! PYTHON #</Process><Process Name="Eliminate (3)" ToolSource="c:\program files (x86)\arcgis\desktop10.4\ArcToolbox\Toolboxes\Data Management Tools.tbx\Eliminate" Date="20180620" Time="165400">Eliminate lf_fc_ID6_20180618_cleanhexe1 \\Neoterra\gis\projects\UCSRB_2016\Analysis\Scratch\JET_modeloutputs\FiltersOverlays\FiltersOverlaysUpdate20180618\lf_fc_ID6_20180618_cleanhexed_nomultipart_elim.shp LENGTH # #</Process><Process Name="Calculate Field (26)" ToolSource="c:\program files (x86)\arcgis\desktop10.4\ArcToolbox\Toolboxes\Data Management Tools.tbx\CalculateField" Date="20180620" Time="165655">CalculateField \\Neoterra\gis\projects\UCSRB_2016\Analysis\Scratch\JET_modeloutputs\FiltersOverlays\FiltersOverlaysUpdate20180618\lf_fc_ID6_20180618_cleanhexed_nomultipart_elim.shp EtAcres !shape.area@acres! PYTHON #</Process><Process Name="Eliminate (7)" ToolSource="c:\program files (x86)\arcgis\desktop10.4\ArcToolbox\Toolboxes\Data Management Tools.tbx\Eliminate" Date="20180620" Time="165842">Eliminate lf_fc_ID6_20180618_cleanhexe2 \\Neoterra\gis\projects\UCSRB_2016\Analysis\Scratch\JET_modeloutputs\FiltersOverlays\FiltersOverlaysUpdate20180618\lf_fc_ID6_20180618_cleanhexed_nomultipart_elim2.shp LENGTH # #</Process><Process Name="Calculate Field (27)" ToolSource="c:\program files (x86)\arcgis\desktop10.4\ArcToolbox\Toolboxes\Data Management Tools.tbx\CalculateField" Date="20180620" Time="170149">CalculateField \\Neoterra\gis\projects\UCSRB_2016\Analysis\Scratch\JET_modeloutputs\FiltersOverlays\FiltersOverlaysUpdate20180618\lf_fc_ID6_20180618_cleanhexed_nomultipart_elim2.shp EtAcres !shape.area@acres! PYTHON #</Process><Process Name="Add Field (19)" ToolSource="c:\program files (x86)\arcgis\desktop10.4\ArcToolbox\Toolboxes\Data Management Tools.tbx\AddField" Date="20180620" Time="170948">AddField \\Neoterra\gis\projects\UCSRB_2016\Analysis\Scratch\JET_modeloutputs\FiltersOverlays\FiltersOverlaysUpdate20180618\lf_fc_ID6_20180618_cleanhexed_nomultipart_elim2.shp EtID LONG # # # # NULLABLE NON_REQUIRED #</Process><Process Name="Calculate Field (16)" ToolSource="c:\program files (x86)\arcgis\desktop10.4\ArcToolbox\Toolboxes\Data Management Tools.tbx\CalculateField" Date="20180620" Time="171027">CalculateField \\Neoterra\gis\projects\UCSRB_2016\Analysis\Scratch\JET_modeloutputs\FiltersOverlays\FiltersOverlaysUpdate20180618\lf_fc_ID6_20180618_cleanhexed_nomultipart_elim2.shp EtID autoIncrement() PYTHON "rec=0 \ndef autoIncrement(): \n global rec \n pStart = 1  \n pInterval = 1 \n if (rec == 0):  \n  rec = pStart  \n else:  \n  rec += pInterval  \n return rec"</Process><Process Name="Add Field (5)" ToolSource="c:\program files (x86)\arcgis\desktop10.4\ArcToolbox\Toolboxes\Data Management Tools.tbx\AddField" Date="20180621" Time="105316">AddField \\Neoterra\gis\projects\UCSRB_2016\Analysis\Scratch\JET_modeloutputs\FiltersOverlays\FiltersOverlaysUpdate20180618\lf_fc_ID6_20180618_cleanhexed_nomultipart_elim2.shp LSRpct DOUBLE # # # # NULLABLE NON_REQUIRED #</Process><Process Name="Join Field" ToolSource="c:\program files (x86)\arcgis\desktop10.4\ArcToolbox\Toolboxes\Data Management Tools.tbx\JoinField" Date="20180621" Time="122053">JoinField \\Neoterra\gis\projects\UCSRB_2016\Analysis\Scratch\JET_modeloutputs\FiltersOverlays\FiltersOverlaysUpdate20180618\lf_fc_ID6_20180618_cleanhexed_nomultipart_elim2.shp EtID \\Neoterra\gis\projects\UCSRB_2016\Analysis\Scratch\JET_modeloutputs\FiltersOverlays\FiltersOverlaysUpdate20180618\lf_fc_ID6_20180618_CleanHexed_insx_LSR20180122.dbf EtID PERCENTAGE</Process><Process Name="Calculate Field (5)" ToolSource="c:\program files (x86)\arcgis\desktop10.4\ArcToolbox\Toolboxes\Data Management Tools.tbx\CalculateField" Date="20180621" Time="122122">CalculateField \\Neoterra\gis\projects\UCSRB_2016\Analysis\Scratch\JET_modeloutputs\FiltersOverlays\FiltersOverlaysUpdate20180618\lf_fc_ID6_20180618_cleanhexed_nomultipart_elim2.shp LSRpct [PERCENTAGE] VB #</Process><Process Name="Delete Field (5)" ToolSource="c:\program files (x86)\arcgis\desktop10.4\ArcToolbox\Toolboxes\Data Management Tools.tbx\DeleteField" Date="20180621" Time="122127">DeleteField \\Neoterra\gis\projects\UCSRB_2016\Analysis\Scratch\JET_modeloutputs\FiltersOverlays\FiltersOverlaysUpdate20180618\lf_fc_ID6_20180618_cleanhexed_nomultipart_elim2.shp PERCENTAGE</Process><Process Name="Add Field (7)" ToolSource="c:\program files (x86)\arcgis\desktop10.4\ArcToolbox\Toolboxes\Data Management Tools.tbx\AddField" Date="20180621" Time="122139">AddField \\Neoterra\gis\projects\UCSRB_2016\Analysis\Scratch\JET_modeloutputs\FiltersOverlays\FiltersOverlaysUpdate20180618\lf_fc_ID6_20180618_cleanhexed_nomultipart_elim2.shp CritHabLn SHORT # # # # NULLABLE NON_REQUIRED #</Process><Process Name="Calculate Field (7)" ToolSource="c:\program files (x86)\arcgis\desktop10.4\ArcToolbox\Toolboxes\Data Management Tools.tbx\CalculateField" Date="20180621" Time="123955">CalculateField lf_fc_ID6_20180618_cleanhexe CritHabLn 1 VB #</Process><Process Name="Add Field (8)" ToolSource="c:\program files (x86)\arcgis\desktop10.4\ArcToolbox\Toolboxes\Data Management Tools.tbx\AddField" Date="20180621" Time="124000">AddField lf_fc_ID6_20180618_cleanhexe CritHabPly DOUBLE # # # # NULLABLE NON_REQUIRED #</Process><Process Name="Join Field (2)" ToolSource="c:\program files (x86)\arcgis\desktop10.4\ArcToolbox\Toolboxes\Data Management Tools.tbx\JoinField" Date="20180621" Time="141342">JoinField lf_fc_ID6_20180618_cleanhexe EtID \\Neoterra\gis\projects\UCSRB_2016\Analysis\Scratch\JET_modeloutputs\FiltersOverlays\FiltersOverlaysUpdate20180618\lf_fc_ID6_insx_CHp.dbf EtID PERCENTAGE</Process><Process Name="Calculate Field (9)" ToolSource="c:\program files (x86)\arcgis\desktop10.4\ArcToolbox\Toolboxes\Data Management Tools.tbx\CalculateField" Date="20180621" Time="141411">CalculateField lf_fc_ID6_20180618_cleanhexe CritHabPly [PERCENTAGE] VB #</Process><Process Name="Delete Field (6)" ToolSource="c:\program files (x86)\arcgis\desktop10.4\ArcToolbox\Toolboxes\Data Management Tools.tbx\DeleteField" Date="20180621" Time="141416">DeleteField lf_fc_ID6_20180618_cleanhexe PERCENTAGE</Process><Process Name="Add Field (9)" ToolSource="c:\program files (x86)\arcgis\desktop10.4\ArcToolbox\Toolboxes\Data Management Tools.tbx\AddField" Date="20180621" Time="141422">AddField lf_fc_ID6_20180618_cleanhexe IRApct DOUBLE # # # # NULLABLE NON_REQUIRED #</Process><Process Name="Join Field (3)" ToolSource="c:\program files (x86)\arcgis\desktop10.4\ArcToolbox\Toolboxes\Data Management Tools.tbx\JoinField" Date="20180621" Time="153602">JoinField lf_fc_ID6_20180618_cleanhexe EtID \\Neoterra\gis\projects\UCSRB_2016\Analysis\Scratch\JET_modeloutputs\FiltersOverlays\FiltersOverlaysUpdate20180618\lf_fc_ID6_insx_IRA.dbf EtID PERCENTAGE</Process><Process Name="Calculate Field (8)" ToolSource="c:\program files (x86)\arcgis\desktop10.4\ArcToolbox\Toolboxes\Data Management Tools.tbx\CalculateField" Date="20180621" Time="153635">CalculateField lf_fc_ID6_20180618_cleanhexe IRApct [PERCENTAGE] VB #</Process><Process Name="Delete Field (7)" ToolSource="c:\program files (x86)\arcgis\desktop10.4\ArcToolbox\Toolboxes\Data Management Tools.tbx\DeleteField" Date="20180621" Time="153640">DeleteField lf_fc_ID6_20180618_cleanhexe PERCENTAGE</Process><Process Name="Add Field (10)" ToolSource="c:\program files (x86)\arcgis\desktop10.4\ArcToolbox\Toolboxes\Data Management Tools.tbx\AddField" Date="20180621" Time="153647">AddField lf_fc_ID6_20180618_cleanhexe NWIwetpct DOUBLE # # # # NULLABLE NON_REQUIRED #</Process><Process Name="Add Field (11)" ToolSource="c:\program files (x86)\arcgis\desktop10.4\ArcToolbox\Toolboxes\Data Management Tools.tbx\AddField" Date="20180621" Time="153653">AddField lf_fc_ID6_20180618_cleanhexe NWIrippct DOUBLE # # # # NULLABLE NON_REQUIRED #</Process><Process Name="Join Field (4)" ToolSource="c:\program files (x86)\arcgis\desktop10.4\ArcToolbox\Toolboxes\Data Management Tools.tbx\JoinField" Date="20180621" Time="183701">JoinField lf_fc_ID6_20180618_cleanhexe EtID \\Neoterra\gis\projects\UCSRB_2016\Analysis\Scratch\JET_modeloutputs\FiltersOverlays\FiltersOverlaysUpdate20180618\lf_fc_ID6_insx_NWI_wetlands.dbf EtID PERCENTAGE</Process><Process Name="Calculate Field (10)" ToolSource="c:\program files (x86)\arcgis\desktop10.4\ArcToolbox\Toolboxes\Data Management Tools.tbx\CalculateField" Date="20180621" Time="183729">CalculateField lf_fc_ID6_20180618_cleanhexe NWIwetpct [PERCENTAGE] VB #</Process><Process Name="Delete Field (8)" ToolSource="c:\program files (x86)\arcgis\desktop10.4\ArcToolbox\Toolboxes\Data Management Tools.tbx\DeleteField" Date="20180621" Time="183735">DeleteField lf_fc_ID6_20180618_cleanhexe PERCENTAGE</Process><Process Name="Join Field (5)" ToolSource="c:\program files (x86)\arcgis\desktop10.4\ArcToolbox\Toolboxes\Data Management Tools.tbx\JoinField" Date="20180621" Time="195034">JoinField lf_fc_ID6_20180618_cleanhexe EtID \\Neoterra\gis\projects\UCSRB_2016\Analysis\Scratch\JET_modeloutputs\FiltersOverlays\FiltersOverlaysUpdate20180618\lf_fc_ID6_insx_NWI_riparian.dbf EtID PERCENTAGE</Process><Process Name="Calculate Field (11)" ToolSource="c:\program files (x86)\arcgis\desktop10.4\ArcToolbox\Toolboxes\Data Management Tools.tbx\CalculateField" Date="20180621" Time="195102">CalculateField lf_fc_ID6_20180618_cleanhexe NWIrippct [PERCENTAGE] VB #</Process><Process Name="Delete Field (9)" ToolSource="c:\program files (x86)\arcgis\desktop10.4\ArcToolbox\Toolboxes\Data Management Tools.tbx\DeleteField" Date="20180621" Time="195108">DeleteField lf_fc_ID6_20180618_cleanhexe PERCENTAGE</Process><Process Name="Add Field (12)" ToolSource="c:\program files (x86)\arcgis\desktop10.4\ArcToolbox\Toolboxes\Data Management Tools.tbx\AddField" Date="20180622" Time="103913">AddField lf_fc_ID6_20180618_cleanhexe SlopeMean DOUBLE # # # # NULLABLE NON_REQUIRED #</Process><Process Name="Join Field (6)" ToolSource="c:\program files (x86)\arcgis\desktop10.4\ArcToolbox\Toolboxes\Data Management Tools.tbx\JoinField" Date="20180622" Time="130639">JoinField lf_fc_ID6_20180618_cleanhexe FID \\Neoterra\gis\projects\UCSRB_2016\Analysis\Scratch\JET_modeloutputs\FiltersOverlays\FiltersOverlaysUpdate20180618\meanslope FID MEAN</Process><Process Name="Calculate Field (12)" ToolSource="c:\program files (x86)\arcgis\desktop10.4\ArcToolbox\Toolboxes\Data Management Tools.tbx\CalculateField" Date="20180622" Time="130728">CalculateField lf_fc_ID6_20180618_cleanhexe SlopeMean [MEAN] VB #</Process><Process Name="Delete Field (10)" ToolSource="c:\program files (x86)\arcgis\desktop10.4\ArcToolbox\Toolboxes\Data Management Tools.tbx\DeleteField" Date="20180622" Time="130734">DeleteField lf_fc_ID6_20180618_cleanhexe MEAN</Process><Process Name="Add Field (13)" ToolSource="c:\program files (x86)\arcgis\desktop10.4\ArcToolbox\Toolboxes\Data Management Tools.tbx\AddField" Date="20180622" Time="130742">AddField lf_fc_ID6_20180618_cleanhexe RdDstEucMn DOUBLE # # # # NULLABLE NON_REQUIRED #</Process><Process Name="Join Field (7)" ToolSource="c:\program files (x86)\arcgis\desktop10.4\ArcToolbox\Toolboxes\Data Management Tools.tbx\JoinField" Date="20180622" Time="154507">JoinField lf_fc_ID6_20180618_cleanhexe FID \\Neoterra\gis\projects\UCSRB_2016\Analysis\Scratch\JET_modeloutputs\FiltersOverlays\FiltersOverlaysUpdate20180618\RdsEucDistMean FID Mean</Process><Process Name="Calculate Field (13)" ToolSource="c:\program files (x86)\arcgis\desktop10.4\ArcToolbox\Toolboxes\Data Management Tools.tbx\CalculateField" Date="20180622" Time="154540">CalculateField lf_fc_ID6_20180618_cleanhexe RdDstEucMn [MEAN] VB #</Process><Process Name="Delete Field (11)" ToolSource="c:\program files (x86)\arcgis\desktop10.4\ArcToolbox\Toolboxes\Data Management Tools.tbx\DeleteField" Date="20180622" Time="154547">DeleteField lf_fc_ID6_20180618_cleanhexe MEAN</Process><Process Name="Add Field (20)" ToolSource="c:\program files (x86)\arcgis\desktop10.4\ArcToolbox\Toolboxes\Data Management Tools.tbx\AddField" Date="20180622" Time="171232">AddField lf_fc_ID6_20180618_cleanhexe fczonmean DOUBLE # # # # NULLABLE NON_REQUIRED #</Process><Process Name="Join Field (10)" ToolSource="c:\program files (x86)\arcgis\desktop10.4\ArcToolbox\Toolboxes\Data Management Tools.tbx\JoinField" Date="20180622" Time="175347">JoinField lf_fc_ID6_20180618_cleanhexe EtID \\Neoterra\gis\projects\UCSRB_2016\Analysis\Scratch\JET_modeloutputs\FiltersOverlays\FiltersOverlaysUpdate20180618\fc30_zmn EtID Mean</Process><Process Name="Calculate Field (17)" ToolSource="c:\program files (x86)\arcgis\desktop10.4\ArcToolbox\Toolboxes\Data Management Tools.tbx\CalculateField" Date="20180622" Time="175500">CalculateField lf_fc_ID6_20180618_cleanhexe fczonmean [Mean] VB #</Process><Process Name="Delete Field (14)" ToolSource="c:\program files (x86)\arcgis\desktop10.4\ArcToolbox\Toolboxes\Data Management Tools.tbx\DeleteField" Date="20180622" Time="175516">DeleteField lf_fc_ID6_20180618_cleanhexe Mean</Process><Process Name="Add Field (21)" ToolSource="c:\program files (x86)\arcgis\desktop10.4\ArcToolbox\Toolboxes\Data Management Tools.tbx\AddField" Date="20180622" Time="175526">AddField lf_fc_ID6_20180618_cleanhexe thzonmj DOUBLE # # # # NULLABLE NON_REQUIRED #</Process><Process Name="Join Field (11)" ToolSource="c:\program files (x86)\arcgis\desktop10.4\ArcToolbox\Toolboxes\Data Management Tools.tbx\JoinField" Date="20180622" Time="183707">JoinField lf_fc_ID6_20180618_cleanhexe EtID \\Neoterra\gis\projects\UCSRB_2016\Analysis\Scratch\JET_modeloutputs\FiltersOverlays\FiltersOverlaysUpdate20180618\th30_zmj EtID Majority</Process><Process Name="Calculate Field (18)" ToolSource="c:\program files (x86)\arcgis\desktop10.4\ArcToolbox\Toolboxes\Data Management Tools.tbx\CalculateField" Date="20180622" Time="183824">CalculateField lf_fc_ID6_20180618_cleanhexe thzonmj [Majority] VB #</Process><Process Name="Delete Field (15)" ToolSource="c:\program files (x86)\arcgis\desktop10.4\ArcToolbox\Toolboxes\Data Management Tools.tbx\DeleteField" Date="20180622" Time="183839">DeleteField lf_fc_ID6_20180618_cleanhexe Majority</Process><Process Name="Join Field (4)" ToolSource="c:\program files (x86)\arcgis\desktop10.4\ArcToolbox\Toolboxes\Data Management Tools.tbx\JoinField" Date="20180623" Time="143903">JoinField lf_fc_ID6_20180618_cleanhexe EtID \\Neoterra\gis\projects\UCSRB_2016\Analysis\Scratch\JET_modeloutputs\FiltersOverlays\FiltersOverlaysUpdate20180618\lf_fc_ID6_insx_NWI2_wetlands.dbf EtID PERCENTAGE</Process><Process Name="Calculate Field (10)" ToolSource="c:\program files (x86)\arcgis\desktop10.4\ArcToolbox\Toolboxes\Data Management Tools.tbx\CalculateField" Date="20180623" Time="144023">CalculateField lf_fc_ID6_20180618_cleanhexe NWIwetpct [PERCENTAGE] VB #</Process><Process Name="Delete Field (8)" ToolSource="c:\program files (x86)\arcgis\desktop10.4\ArcToolbox\Toolboxes\Data Management Tools.tbx\DeleteField" Date="20180623" Time="144042">DeleteField lf_fc_ID6_20180618_cleanhexe PERCENTAGE</Process><Process Name="Join Field (5)" ToolSource="c:\program files (x86)\arcgis\desktop10.4\ArcToolbox\Toolboxes\Data Management Tools.tbx\JoinField" Date="20180623" Time="150533">JoinField lf_fc_ID6_20180618_cleanhexe EtID \\Neoterra\gis\projects\UCSRB_2016\Analysis\Scratch\JET_modeloutputs\FiltersOverlays\FiltersOverlaysUpdate20180618\lf_fc_ID6_insx_NWI2_riparian.dbf EtID PERCENTAGE</Process><Process Name="Calculate Field (11)" ToolSource="c:\program files (x86)\arcgis\desktop10.4\ArcToolbox\Toolboxes\Data Management Tools.tbx\CalculateField" Date="20180623" Time="150652">CalculateField lf_fc_ID6_20180618_cleanhexe NWIrippct [PERCENTAGE] VB #</Process><Process Name="Delete Field (9)" ToolSource="c:\program files (x86)\arcgis\desktop10.4\ArcToolbox\Toolboxes\Data Management Tools.tbx\DeleteField" Date="20180623" Time="150706">DeleteField lf_fc_ID6_20180618_cleanhexe PERCENTAGE</Process><Process ToolSource="c:\program files (x86)\arcgis\desktop10.4\ArcToolbox\Toolboxes\Data Management Tools.tbx\CalculateField" Date="20180623" Time="153745">CalculateField lf_fc_ID6_20180618_cleanhexe thzonmaj [thzonmj] VB #</Process><Process Name="Add Field (12)" ToolSource="c:\program files (x86)\arcgis\desktop10.4\ArcToolbox\Toolboxes\Data Management Tools.tbx\AddField" Date="20180625" Time="101440">AddField lf_fc_ID6_20180618_cleanhexe SlopeMean DOUBLE # # # # NULLABLE NON_REQUIRED #</Process><Process Name="Add Field (22)" ToolSource="c:\program files (x86)\arcgis\desktop10.4\ArcToolbox\Toolboxes\Data Management Tools.tbx\AddField" Date="20180625" Time="101508">AddField lf_fc_ID6_20180618_cleanhexe WHPhvhPCT DOUBLE # # # # NULLABLE NON_REQUIRED #</Process><Process Name="Join Field (12)" ToolSource="c:\program files (x86)\arcgis\desktop10.4\ArcToolbox\Toolboxes\Data Management Tools.tbx\JoinField" Date="20180625" Time="120614">JoinField lf_fc_ID6_20180618_cleanhexe EtID \\Neoterra\gis\projects\UCSRB_2016\Analysis\Scratch\JET_modeloutputs\FiltersOverlays\FiltersOverlaysUpdate20180618\lf_fc_ID6_insx_WHP.dbf EtID PERCENTAGE</Process><Process Name="Calculate Field (28)" ToolSource="c:\program files (x86)\arcgis\desktop10.4\ArcToolbox\Toolboxes\Data Management Tools.tbx\CalculateField" Date="20180625" Time="120649">CalculateField lf_fc_ID6_20180618_cleanhexe WHPhvhPCT [PERCENTAGE] VB #</Process><Process Name="Delete Field (16)" ToolSource="c:\program files (x86)\arcgis\desktop10.4\ArcToolbox\Toolboxes\Data Management Tools.tbx\DeleteField" Date="20180625" Time="120656">DeleteField lf_fc_ID6_20180618_cleanhexe PERCENTAGE</Process><Process Name="Copy Features" ToolSource="c:\program files (x86)\arcgis\desktop10.4\ArcToolbox\Toolboxes\Data Management Tools.tbx\CopyFeatures" Date="20180625" Time="122630">CopyFeatures lf_fc_ID6_20180618_cleanhexe \\Neoterra\gis\projects\UCSRB_2016\Analysis\Scratch\JET_modeloutputs\FiltersOverlays\FiltersOverlaysUpdate20180618\vegunits20180625.shp # 0 0 0</Process><Process Name="Delete Field (17)" ToolSource="c:\program files (x86)\arcgis\desktop10.4\ArcToolbox\Toolboxes\Data Management Tools.tbx\DeleteField" Date="20180625" Time="122644">DeleteField \\Neoterra\gis\projects\UCSRB_2016\Analysis\Scratch\JET_modeloutputs\FiltersOverlays\FiltersOverlaysUpdate20180618\vegunits20180625.shp PubPriv</Process><Process Name="Add Field (23)" ToolSource="c:\program files (x86)\arcgis\desktop10.4\ArcToolbox\Toolboxes\Data Management Tools.tbx\AddField" Date="20180625" Time="124211">AddField \\Neoterra\gis\projects\UCSRB_2016\Analysis\Scratch\JET_modeloutputs\FiltersOverlays\FiltersOverlaysUpdate20180618\vegunits20180625.shp FSmgt_etid LONG # # # # NULLABLE NON_REQUIRED #</Process><Process Name="Calculate Field (29)" ToolSource="c:\program files (x86)\arcgis\desktop10.4\ArcToolbox\Toolboxes\Data Management Tools.tbx\CalculateField" Date="20180625" Time="124310">CalculateField \\Neoterra\gis\projects\UCSRB_2016\Analysis\Scratch\JET_modeloutputs\FiltersOverlays\FiltersOverlaysUpdate20180618\vegunits20180625.shp FSmgt_etid [ET_UID] VB #</Process><Process Name="Delete Field (18)" ToolSource="c:\program files (x86)\arcgis\desktop10.4\ArcToolbox\Toolboxes\Data Management Tools.tbx\DeleteField" Date="20180625" Time="124315">DeleteField \\Neoterra\gis\projects\UCSRB_2016\Analysis\Scratch\JET_modeloutputs\FiltersOverlays\FiltersOverlaysUpdate20180618\vegunits20180625.shp ET_UID</Process><Process ToolSource="c:\program files (x86)\arcgis\desktop10.4\ArcToolbox\Toolboxes\Data Management Tools.tbx\CalculateField" Date="20180626" Time="145620">CalculateField vegunits20180625 NWIrippct 0 VB #</Process><Process ToolSource="c:\program files (x86)\arcgis\desktop10.4\ArcToolbox\Toolboxes\Data Management Tools.tbx\CalculateField" Date="20180626" Time="145759">CalculateField vegunits20180625 NWIwetpct 0 VB #</Process><Process Name="Join Field (14)" ToolSource="c:\program files (x86)\arcgis\desktop10.4\ArcToolbox\Toolboxes\Data Management Tools.tbx\JoinField" Date="20180626" Time="152626">JoinField G:\projects\UCSRB_2016\Analysis\Scratch\JET_modeloutputs\FiltersOverlays\FiltersOverlaysUpdate20180618\vegunits20180625.shp EtID \\Neoterra\gis\projects\UCSRB_2016\Analysis\Scratch\JET_modeloutputs\FiltersOverlays\FiltersOverlaysUpdate20180618\lf_fc_ID6_insx2_NWIwet2.dbf EtID PERCENTAGE</Process><Process ToolSource="c:\program files (x86)\arcgis\desktop10.4\ArcToolbox\Toolboxes\Data Management Tools.tbx\CalculateField" Date="20181128" Time="170022">CalculateField vegunits20180625 Wilderness 1 VB #</Process><Process ToolSource="c:\program files (x86)\arcgis\desktop10.4\ArcToolbox\Toolboxes\Data Management Tools.tbx\CalculateField" Date="20181128" Time="171811">CalculateField vegunits20180625 Wilderness 0 VB #</Process><Process ToolSource="c:\program files (x86)\arcgis\desktop10.4\ArcToolbox\Toolboxes\Data Management Tools.tbx\CalculateField" Date="20181128" Time="172256">CalculateField vegunits20180625 Wilderness 0 VB #</Process><Process ToolSource="c:\program files (x86)\arcgis\desktop10.4\ArcToolbox\Toolboxes\Data Management Tools.tbx\CalculateField" Date="20181128" Time="172701">CalculateField vegunits20180625 PubPrivOwn "USDA Forest Service" VB #</Process><Process Name="Join Field (15)" ToolSource="c:\program files (x86)\arcgis\desktop10.4\ArcToolbox\Toolboxes\Data Management Tools.tbx\JoinField" Date="20181129" Time="150330">JoinField \\Neoterra\gis\projects\UCSRB_2016\Analysis\Scratch\JET_modeloutputs\FiltersOverlays\FiltersOverlaysUpdate20180618\vegunits20180625.shp EtID \\Neoterra\gis\projects\UCSRB_2016\Analysis\Scratch\JET_modeloutputs\FiltersOverlays\FiltersOverlaysUpdate20180618\vegunits20180625_TabulateInt.dbf EtID AREA;PERCENTAGE</Process><Process Name="Add Field (24)" ToolSource="c:\program files (x86)\arcgis\desktop10.4\ArcToolbox\Toolboxes\Data Management Tools.tbx\AddField" Date="20181129" Time="150447">AddField vegunits20180625 PastFire SHORT # # # # NULLABLE NON_REQUIRED #</Process><Process Name="Calculate Field (32)" ToolSource="c:\program files (x86)\arcgis\desktop10.4\ArcToolbox\Toolboxes\Data Management Tools.tbx\CalculateField" Date="20181129" Time="150531">CalculateField vegunits20180625 PastFire fire( !PERCENTAGE! ) PYTHON "def fire(PERCENTAGE):\n  if (PERCENTAGE &gt; 40 ):\n    return 1\n  else:\n    return 0"</Process><Process Name="Add Field (25)" ToolSource="c:\program files (x86)\arcgis\desktop10.4\ArcToolbox\Toolboxes\Data Management Tools.tbx\AddField" Date="20181129" Time="151602">AddField vegunits20180625 PastFirPCT FLOAT # # # # NULLABLE NON_REQUIRED #</Process><Process Name="Calculate Field (33)" ToolSource="c:\program files (x86)\arcgis\desktop10.4\ArcToolbox\Toolboxes\Data Management Tools.tbx\CalculateField" Date="20181129" Time="151645">CalculateField vegunits20180625 PastFirPCT !PERCENTAGE! PYTHON #</Process><Process ToolSource="c:\program files (x86)\arcgis\desktop10.4\ArcToolbox\Toolboxes\Data Management Tools.tbx\CalculateField" Date="20181129" Time="151903">CalculateField vegunits20180625 PastFirPCT 100 VB #</Process><Process Name="Delete Field (21)" ToolSource="c:\program files (x86)\arcgis\desktop10.4\ArcToolbox\Toolboxes\Data Management Tools.tbx\DeleteField" Date="20181129" Time="152008">DeleteField vegunits20180625 AREA;PERCENTAGE</Process><Process ToolSource="c:\program files (x86)\arcgis\desktop10.4\ArcToolbox\Toolboxes\Data Management Tools.tbx\CalculateField" Date="20181129" Time="170025">CalculateField vegunits20180625 burn2012 1 VB #</Process><Process Name="Project (8)" ToolSource="c:\program files (x86)\arcgis\desktop10.4\ArcToolbox\Toolboxes\Data Management Tools.tbx\Project" Date="20181129" Time="171250">Project vegunits20180625 G:\projects\UCSRB_2016\data\Processed\veg\vegunits20181129.shp PROJCS['WGS_1984_Web_Mercator_Auxiliary_Sphere',GEOGCS['GCS_WGS_1984',DATUM['D_WGS_1984',SPHEROID['WGS_1984',6378137.0,298.257223563]],PRIMEM['Greenwich',0.0],UNIT['Degree',0.0174532925199433]],PROJECTION['Mercator_Auxiliary_Sphere'],PARAMETER['False_Easting',0.0],PARAMETER['False_Northing',0.0],PARAMETER['Central_Meridian',0.0],PARAMETER['Standard_Parallel_1',0.0],PARAMETER['Auxiliary_Sphere_Type',0.0],UNIT['Meter',1.0]] WGS_1984_(ITRF00)_To_NAD_1983 PROJCS['NAD_1983_UTM_Zone_10N',GEOGCS['GCS_North_American_1983',DATUM['D_North_American_1983',SPHEROID['GRS_1980',6378137.0,298.257222101]],PRIMEM['Greenwich',0.0],UNIT['Degree',0.0174532925199433]],PROJECTION['Transverse_Mercator'],PARAMETER['False_Easting',500000.0],PARAMETER['False_Northing',0.0],PARAMETER['Central_Meridian',-123.0],PARAMETER['Scale_Factor',0.9996],PARAMETER['Latitude_Of_Origin',0.0],UNIT['Meter',1.0]] NO_PRESERVE_SHAPE # NO_VERTICAL</Process></lineage></DataProperties><SyncDate>20180709</SyncDate><SyncTime>16024500</SyncTime><ModDate>20180709</ModDate><ModTime>16024500</ModTime></Esri><dataIdInfo><envirDesc Sync="TRUE"> Version 6.2 (Build 9200) ; Esri ArcGIS 10.4.0.5524</envirDesc><dataLang><languageCode value="eng" Sync="TRUE"></languageCode><countryCode value="USA" Sync="TRUE"></countryCode></dataLang><idCitation><resTitle Sync="TRUE">vegunits20180625</resTitle><presForm><PresFormCd value="005" Sync="TRUE"></PresFormCd></presForm></idCitation><spatRpType><SpatRepTypCd value="001" Sync="TRUE"></SpatRepTypCd></spatRpType><dataExt><geoEle><GeoBndBox esriExtentType="search"><exTypeCode Sync="TRUE">1</exTypeCode><westBL Sync="TRUE">-121.200122</westBL><eastBL Sync="TRUE">-118.965197</eastBL><northBL Sync="TRUE">49.038000</northBL><southBL Sync="TRUE">47.245517</southBL></GeoBndBox></geoEle></dataExt></dataIdInfo><mdLang><languageCode value="eng" Sync="TRUE"></languageCode><countryCode value="USA" Sync="TRUE"></countryCode></mdLang><mdChar><CharSetCd value="004" Sync="TRUE"></CharSetCd></mdChar><distInfo><distFormat><formatName Sync="TRUE">Shapefile</formatName></distFormat><distTranOps><transSize Sync="TRUE">89.678</transSize></distTranOps></distInfo><mdHrLv><ScopeCd value="005" Sync="TRUE"></ScopeCd></mdHrLv><mdHrLvName Sync="TRUE">dataset</mdHrLvName><refSysInfo><RefSystem><refSysID><identCode code="26910" Sync="TRUE"></identCode><idCodeSpace Sync="TRUE">EPSG</idCodeSpace><idVersion Sync="TRUE">7.8.2(3.0.1)</idVersion></refSysID></RefSystem></refSysInfo><spatRepInfo><VectSpatRep><geometObjs Name="vegunits20180625"><geoObjTyp><GeoObjTypCd value="002" Sync="TRUE"></GeoObjTypCd></geoObjTyp><geoObjCnt Sync="TRUE">280589</geoObjCnt></geometObjs><topLvl><TopoLevCd value="001" Sync="TRUE"></TopoLevCd></topLvl></VectSpatRep></spatRepInfo><spdoinfo><ptvctinf><esriterm Name="vegunits20180625"><efeatyp Sync="TRUE">Simple</efeatyp><efeageom code="4" Sync="TRUE"></efeageom><esritopo Sync="TRUE">FALSE</esritopo><efeacnt Sync="TRUE">280589</efeacnt><spindex Sync="TRUE">FALSE</spindex><linrefer Sync="TRUE">FALSE</linrefer></esriterm></ptvctinf></spdoinfo><eainfo><detailed Name="vegunits20180625"><enttyp><enttypl Sync="TRUE">vegunits20180625</enttypl><enttypt Sync="TRUE">Feature Class</enttypt><enttypc Sync="TRUE">280589</enttypc></enttyp><attr><attrlabl Sync="TRUE">FID</attrlabl><attalias Sync="TRUE">FID</attalias><attrtype Sync="TRUE">OID</attrtype><attwidth Sync="TRUE">4</attwidth><atprecis Sync="TRUE">0</atprecis><attscale Sync="TRUE">0</attscale><attrdef Sync="TRUE">Internal feature number.</attrdef><attrdefs Sync="TRUE">Esri</attrdefs><attrdomv><udom Sync="TRUE">Sequential unique whole numbers that are automatically generated.</udom></attrdomv></attr><attr><attrlabl Sync="TRUE">Shape</attrlabl><attalias Sync="TRUE">Shape</attalias><attrtype Sync="TRUE">Geometry</attrtype><attwidth Sync="TRUE">0</attwidth><atprecis Sync="TRUE">0</atprecis><attscale Sync="TRUE">0</attscale><attrdef Sync="TRUE">Feature geometry.</attrdef><attrdefs Sync="TRUE">Esri</attrdefs><attrdomv><udom Sync="TRUE">Coordinates defining the features.</udom></attrdomv></attr><attr><attrlabl Sync="TRUE">ID</attrlabl><attalias Sync="TRUE">ID</attalias><attrtype Sync="TRUE">Integer</attrtype><attwidth Sync="TRUE">10</attwidth><atprecis Sync="TRUE">10</atprecis><attscale Sync="TRUE">0</attscale></attr><attr><attrlabl Sync="TRUE">GRIDCODE</attrlabl><attalias Sync="TRUE">GRIDCODE</attalias><attrtype Sync="TRUE">Integer</attrtype><attwidth Sync="TRUE">10</attwidth><atprecis Sync="TRUE">10</atprecis><attscale Sync="TRUE">0</attscale></attr><attr><attrlabl Sync="TRUE">HUC_2</attrlabl><attalias Sync="TRUE">HUC_2</attalias><attrtype Sync="TRUE">String</attrtype><attwidth Sync="TRUE">2</attwidth><atprecis Sync="TRUE">0</atprecis><attscale Sync="TRUE">0</attscale></attr><attr><attrlabl Sync="TRUE">HUC_4</attrlabl><attalias Sync="TRUE">HUC_4</attalias><attrtype Sync="TRUE">String</attrtype><attwidth Sync="TRUE">4</attwidth><atprecis Sync="TRUE">0</atprecis><attscale Sync="TRUE">0</attscale></attr><attr><attrlabl Sync="TRUE">HUC_6</attrlabl><attalias Sync="TRUE">HUC_6</attalias><attrtype Sync="TRUE">String</attrtype><attwidth Sync="TRUE">6</attwidth><atprecis Sync="TRUE">0</atprecis><attscale Sync="TRUE">0</attscale></attr><attr><attrlabl Sync="TRUE">HUC_8</attrlabl><attalias Sync="TRUE">HUC_8</attalias><attrtype Sync="TRUE">String</attrtype><attwidth Sync="TRUE">8</attwidth><atprecis Sync="TRUE">0</atprecis><attscale Sync="TRUE">0</attscale></attr><attr><attrlabl Sync="TRUE">HUC_12</attrlabl><attalias Sync="TRUE">HUC_12</attalias><attrtype Sync="TRUE">String</attrtype><attwidth Sync="TRUE">12</attwidth><atprecis Sync="TRUE">0</atprecis><attscale Sync="TRUE">0</attscale></attr><attr><attrlabl Sync="TRUE">HUC_10</attrlabl><attalias Sync="TRUE">HUC_10</attalias><attrtype Sync="TRUE">String</attrtype><attwidth Sync="TRUE">10</attwidth><atprecis Sync="TRUE">0</atprecis><attscale Sync="TRUE">0</attscale></attr><attr><attrlabl Sync="TRUE">PubPrivOwn</attrlabl><attalias Sync="TRUE">PubPrivOwn</attalias><attrtype Sync="TRUE">String</attrtype><attwidth Sync="TRUE">254</attwidth><atprecis Sync="TRUE">0</atprecis><attscale Sync="TRUE">0</attscale></attr><attr><attrlabl Sync="TRUE">MgmtAlloca</attrlabl><attalias Sync="TRUE">MgmtAlloca</attalias><attrtype Sync="TRUE">String</attrtype><attwidth Sync="TRUE">10</attwidth><atprecis Sync="TRUE">0</atprecis><attscale Sync="TRUE">0</attscale></attr><attr><attrlabl Sync="TRUE">MgmtDescri</attrlabl><attalias Sync="TRUE">MgmtDescri</attalias><attrtype Sync="TRUE">String</attrtype><attwidth Sync="TRUE">100</attwidth><atprecis Sync="TRUE">0</atprecis><attscale Sync="TRUE">0</attscale></attr><attr><attrlabl Sync="TRUE">ppt_ID</attrlabl><attalias Sync="TRUE">ppt_ID</attalias><attrtype Sync="TRUE">Integer</attrtype><attwidth Sync="TRUE">10</attwidth><atprecis Sync="TRUE">10</atprecis><attscale Sync="TRUE">0</attscale></attr><attr><attrlabl Sync="TRUE">GRID_ID</attrlabl><attalias Sync="TRUE">GRID_ID</attalias><attrtype Sync="TRUE">String</attrtype><attwidth Sync="TRUE">12</attwidth><atprecis Sync="TRUE">0</atprecis><attscale Sync="TRUE">0</attscale></attr><attr><attrlabl Sync="TRUE">EtAcres</attrlabl><attalias Sync="TRUE">EtAcres</attalias><attrtype Sync="TRUE">Double</attrtype><attwidth Sync="TRUE">19</attwidth><atprecis Sync="TRUE">0</atprecis><attscale Sync="TRUE">0</attscale></attr><attr><attrlabl Sync="TRUE">EtID</attrlabl><attalias Sync="TRUE">EtID</attalias><attrtype Sync="TRUE">Integer</attrtype><attwidth Sync="TRUE">10</attwidth><atprecis Sync="TRUE">10</atprecis><attscale Sync="TRUE">0</attscale></attr><attr><attrlabl Sync="TRUE">LSRpct</attrlabl><attalias Sync="TRUE">LSRpct</attalias><attrtype Sync="TRUE">Double</attrtype><attwidth Sync="TRUE">19</attwidth><atprecis Sync="TRUE">0</atprecis><attscale Sync="TRUE">0</attscale></attr><attr><attrlabl Sync="TRUE">CritHabLn</attrlabl><attalias Sync="TRUE">CritHabLn</attalias><attrtype Sync="TRUE">Integer</attrtype><attwidth Sync="TRUE">10</attwidth><atprecis Sync="TRUE">10</atprecis><attscale Sync="TRUE">0</attscale></attr><attr><attrlabl Sync="TRUE">CritHabPly</attrlabl><attalias Sync="TRUE">CritHabPly</attalias><attrtype Sync="TRUE">Double</attrtype><attwidth Sync="TRUE">19</attwidth><atprecis Sync="TRUE">0</atprecis><attscale Sync="TRUE">0</attscale></attr><attr><attrlabl Sync="TRUE">IRApct</attrlabl><attalias Sync="TRUE">IRApct</attalias><attrtype Sync="TRUE">Double</attrtype><attwidth Sync="TRUE">19</attwidth><atprecis Sync="TRUE">0</atprecis><attscale Sync="TRUE">0</attscale></attr><attr><attrlabl Sync="TRUE">NWIwetpct</attrlabl><attalias Sync="TRUE">NWIwetpct</attalias><attrtype Sync="TRUE">Double</attrtype><attwidth Sync="TRUE">19</attwidth><atprecis Sync="TRUE">0</atprecis><attscale Sync="TRUE">0</attscale></attr><attr><attrlabl Sync="TRUE">NWIrippct</attrlabl><attalias Sync="TRUE">NWIrippct</attalias><attrtype Sync="TRUE">Double</attrtype><attwidth Sync="TRUE">19</attwidth><atprecis Sync="TRUE">0</atprecis><attscale Sync="TRUE">0</attscale></attr><attr><attrlabl Sync="TRUE">SlopeMean</attrlabl><attalias Sync="TRUE">SlopeMean</attalias><attrtype Sync="TRUE">Double</attrtype><attwidth Sync="TRUE">19</attwidth><atprecis Sync="TRUE">0</atprecis><attscale Sync="TRUE">0</attscale></attr><attr><attrlabl Sync="TRUE">RdDstEucMn</attrlabl><attalias Sync="TRUE">RdDstEucMn</attalias><attrtype Sync="TRUE">Double</attrtype><attwidth Sync="TRUE">19</attwidth><atprecis Sync="TRUE">0</atprecis><attscale Sync="TRUE">0</attscale></attr><attr><attrlabl Sync="TRUE">fczonmean</attrlabl><attalias Sync="TRUE">fczonmean</attalias><attrtype Sync="TRUE">Double</attrtype><attwidth Sync="TRUE">19</attwidth><atprecis Sync="TRUE">0</atprecis><attscale Sync="TRUE">0</attscale></attr><attr><attrlabl Sync="TRUE">thzonmaj</attrlabl><attalias Sync="TRUE">thzonmaj</attalias><attrtype Sync="TRUE">Integer</attrtype><attwidth Sync="TRUE">10</attwidth><atprecis Sync="TRUE">10</atprecis><attscale Sync="TRUE">0</attscale></attr><attr><attrlabl Sync="TRUE">WHPhvhPCT</attrlabl><attalias Sync="TRUE">WHPhvhPCT</attalias><attrtype Sync="TRUE">Double</attrtype><attwidth Sync="TRUE">19</attwidth><atprecis Sync="TRUE">0</atprecis><attscale Sync="TRUE">0</attscale></attr><attr><attrlabl Sync="TRUE">FSmgt_etid</attrlabl><attalias Sync="TRUE">FSmgt_etid</attalias><attrtype Sync="TRUE">Integer</attrtype><attwidth Sync="TRUE">10</attwidth><atprecis Sync="TRUE">10</atprecis><attscale Sync="TRUE">0</attscale></attr><attr><attrlabl Sync="TRUE">PART_COUNT</attrlabl><attalias Sync="TRUE">PART_COUNT</attalias><attrtype Sync="TRUE">Double</attrtype><attwidth Sync="TRUE">19</attwidth><atprecis Sync="TRUE">0</atprecis><attscale Sync="TRUE">0</attscale></attr></detailed></eainfo><mdDateSt Sync="TRUE">20180709</mdDateSt></metadata>
